{
    "train_mad": 2.6049169605107907,
    "train_mse": 31.236558244660944,
    "train_mape": 120.87496185119042,
    "train_msle": 1.4034777380265067,
    "train_r2": 0.14800884912375123,
    "train_kappa": 0.3614707923150573,
    "val_mad": 2.7443035793870196,
    "val_mse": 58.825247955851225,
    "val_mape": 129.1961487625932,
    "val_msle": 1.5141733894499256,
    "val_r2": 0.04625613832961917,
    "val_kappa": 0.30490187547583614
}