{
    "train_acc": 0.9197509288787842,
    "train_prec0": 0.9291254281997681,
    "train_prec1": 0.8002411723136902,
    "train_rec0": 0.9834150671958923,
    "train_rec1": 0.46968623995780945,
    "train_auroc": 0.9273484862601044,
    "train_auprc": 0.7192711661874709,
    "train_f1macro": 0.7737213164526433,
    "val_acc": 0.9102823734283447,
    "val_prec0": 0.9351920485496521,
    "val_prec1": 0.6550151705741882,
    "val_rec0": 0.9652533531188965,
    "val_rec1": 0.4965437650680542,
    "val_auroc": 0.8920397753764828,
    "val_auprc": 0.6324361320514438,
    "val_f1macro": 0.7574302133512243
}