{
    "train_mad": 2.5165694947936985,
    "train_mse": 30.082831287932635,
    "train_mape": 120.69559966892871,
    "train_msle": 1.3700019461512016,
    "train_r2": 0.17947726987487267,
    "train_kappa": 0.39877779531405344,
    "val_mad": 3.0241048427700314,
    "val_mse": 62.49612993729404,
    "val_mape": 176.3005363415483,
    "val_msle": 1.530809400286794,
    "val_r2": -0.013260502541067476,
    "val_kappa": 0.44937526705509123
}