{
    "train_mad": 2.038220373862259,
    "train_mse": 30.19311913307058,
    "train_mape": 63.56077406071615,
    "train_msle": 0.6464776635828989,
    "train_r2": 0.17646911938112242,
    "train_kappa": 0.6589093811031587,
    "val_mad": 1.6473879143086096,
    "val_mse": 44.27556195982802,
    "val_mape": 51.15902638515285,
    "val_msle": 0.4627431006784546,
    "val_r2": 0.2821526995876895,
    "val_kappa": 0.7503806576831673
}