{
    "train_mad": 2.0378699941422562,
    "train_mse": 29.23493977555882,
    "train_mape": 67.33793774813543,
    "train_msle": 0.7029370903332446,
    "train_r2": 0.20260389156562975,
    "train_kappa": 0.6425070593396647,
    "val_mad": 1.6201797767598767,
    "val_mse": 44.843803854844744,
    "val_mape": 52.96324822274499,
    "val_msle": 0.49539955194606006,
    "val_r2": 0.2729396960195126,
    "val_kappa": 0.7418950624048312
}