{
    "train_mad": 2.0535942280847115,
    "train_mse": 13.56956796228077,
    "train_mape": 166.27194205133347,
    "train_msle": 2.0348971151949793,
    "train_r2": 0.6298839412932717,
    "train_kappa": 0.5696692626637625,
    "val_mad": 2.00799561123234,
    "val_mse": 43.97388120188248,
    "val_mape": 126.90418952212099,
    "val_msle": 1.4279142689812614,
    "val_r2": 0.2870439015982712,
    "val_kappa": 0.634680471015798
}