{
    "test_mad": 2.5146416318637894,
    "test_mse": 28.443633909431142,
    "test_mape": 128.5898921969394,
    "test_msle": 1.3645273865511307,
    "test_r2": 0.18955788094281034,
    "test_kappa": 0.3869854995596096
}