{
    "train_mad": 2.9353954007922467,
    "train_mse": 79.48056812717137,
    "train_mape": 64.38960333812143,
    "train_msle": 0.5715498046380021,
    "train_r2": 0.2448579173362091,
    "train_kappa": 0.699350731165215,
    "train_acc": 0.9115652441978455,
    "train_prec0": 0.9200499057769775,
    "train_prec1": 0.7841760516166687,
    "train_rec0": 0.9846163988113403,
    "train_rec1": 0.3951403498649597,
    "train_auroc": 0.91675469107077,
    "train_auprc": 0.6746415620115447,
    "train_f1macro": 0.7383644864687013,
    "val_mad": 2.3649907722213666,
    "val_mse": 28.82962116324619,
    "val_mape": 63.54109388644857,
    "val_msle": 0.5243742053592072,
    "val_r2": 0.42976845490190496,
    "val_kappa": 0.7073235485486989,
    "val_acc": 0.9171733260154724,
    "val_prec0": 0.9257767796516418,
    "val_prec1": 0.7839643359184265,
    "val_rec0": 0.9851523041725159,
    "val_rec1": 0.4055299460887909,
    "val_auroc": 0.9131779388725514,
    "val_auprc": 0.6735878524551118,
    "val_f1macro": 0.7445451497192105
}