{
    "test_mad": 2.897343098671251,
    "test_mse": 55.24683047245923,
    "test_mape": 62.56856219776273,
    "test_msle": 0.5641664709615588,
    "test_r2": 0.289369091362369,
    "test_kappa": 0.6655726964168246
}