{
    "test_acc": 0.9078928828239441,
    "test_prec0": 0.9216822981834412,
    "test_prec1": 0.7145833373069763,
    "test_rec0": 0.9783877730369568,
    "test_rec1": 0.39425286650657654,
    "test_auroc": 0.8897105674958702,
    "test_auprc": 0.6227012908064973,
    "test_f1macro": 0.7286685032139577
}