{
    "test_mad": 1.4392055837170004,
    "test_mse": 18.610353486352537,
    "test_mape": 35.207718323693236,
    "test_msle": 0.31476593207985143,
    "test_r2": 0.4697367304083492,
    "test_kappa": 0.772794116133904
}