{
    "train_mad": 3.834855622018845,
    "train_mse": 95.97586032335988,
    "train_mape": 124.15783764841828,
    "train_msle": 1.3015950368176645,
    "train_r2": 0.08813672627417335,
    "train_kappa": 0.3923834434367288,
    "val_mad": 3.2999631045757982,
    "val_mse": 41.283140659458894,
    "val_mape": 119.8411122039904,
    "val_msle": 1.2266023834132789,
    "val_r2": 0.1834457708810715,
    "val_kappa": 0.406485897413593
}