{
    "test_mad": 3.287005193076915,
    "test_mse": 43.708111194610765,
    "test_mape": 172.24017378706523,
    "test_msle": 1.590751053805471,
    "test_r2": -0.24537161353361192,
    "test_kappa": 0.4503287541591162
}