{
    "train_mad": 2.589875214552437,
    "train_mse": 31.013982112512764,
    "train_mape": 123.07346021404032,
    "train_msle": 1.4158350278366383,
    "train_r2": 0.1540797130614875,
    "train_kappa": 0.3613598174547379,
    "val_mad": 2.63393754708983,
    "val_mse": 56.847691929908244,
    "val_mape": 119.33550084471104,
    "val_msle": 1.4083949707702503,
    "val_r2": 0.07831859427146082,
    "val_kappa": 0.3434817782507831
}