{
    "test_mad": 3.939997844386924,
    "test_mse": 74.09477986983266,
    "test_mape": 116.60456259556477,
    "test_msle": 1.387810268226928,
    "test_r2": 0.04693101316549397,
    "test_kappa": 0.3422305999540627
}