{
    "test_mad": 1.578982683623766,
    "test_mse": 18.893548599008763,
    "test_mape": 47.68034943735545,
    "test_msle": 0.4479836381095156,
    "test_r2": 0.4616676753804805,
    "test_kappa": 0.7450727191348632
}