{
    "train_acc": 0.921064019203186,
    "train_prec0": 0.9288959503173828,
    "train_prec1": 0.7461645603179932,
    "train_rec0": 0.9879111647605896,
    "train_rec1": 0.3196892738342285,
    "train_auroc": 0.9027767119920165,
    "train_auprc": 0.5883164723596628,
    "train_f1macro": 0.7025500973946055,
    "val_acc": 0.9161484241485596,
    "val_prec0": 0.9272225499153137,
    "val_prec1": 0.6353591084480286,
    "val_rec0": 0.9847269654273987,
    "val_rec1": 0.25612473487854004,
    "val_auroc": 0.8448968785010722,
    "val_auprc": 0.44980913333927386,
    "val_f1macro": 0.6600946728135116
}