{
    "test_mad": 2.597882153628474,
    "test_mse": 29.79438003602729,
    "test_mape": 134.98469939019188,
    "test_msle": 1.442665959824433,
    "test_r2": 0.151065278417712,
    "test_kappa": 0.35770738143512604
}