{
    "test_mad": 3.6847887841071385,
    "test_mse": 66.51676383032378,
    "test_mape": 108.78965163706229,
    "test_msle": 1.2243537204140487,
    "test_r2": 0.1444057891440229,
    "test_kappa": 0.4300184433143832
}