{
    "train_mad": 2.817914506103618,
    "train_mse": 75.95041254254276,
    "train_mape": 61.22841537824463,
    "train_msle": 0.5331299574698293,
    "train_r2": 0.27839780139992576,
    "train_kappa": 0.7147936888404578,
    "val_mad": 2.3580700509914645,
    "val_mse": 29.148602728653245,
    "val_mape": 59.05853372223271,
    "val_msle": 0.5231334218785176,
    "val_r2": 0.4234592026966847,
    "val_kappa": 0.6869911114501563
}