{
    "test_mad": 1.4588846299237093,
    "test_mse": 17.65297642079757,
    "test_mape": 36.84017028817273,
    "test_msle": 0.313795768490177,
    "test_r2": 0.4970151963109726,
    "test_kappa": 0.7800607081322803,
    "test_acc": 0.9160011410713196,
    "test_prec0": 0.921197235584259,
    "test_prec1": 0.7533936500549316,
    "test_rec0": 0.9915181994438171,
    "test_rec1": 0.2340126484632492,
    "test_auroc": 0.8626775738116965,
    "test_auprc": 0.5108876331630527,
    "test_f1macro": 0.6560847901571816
}