{
    "test_mad": 2.2270940045101284,
    "test_mse": 41.28019004509334,
    "test_mape": 30.4269800397626,
    "test_msle": 0.18319746737714443,
    "test_r2": 0.4690196938066451,
    "test_kappa": 0.8537158052957868
}