{
    "test_mad": 3.6707101538235376,
    "test_mse": 66.06558080889602,
    "test_mape": 106.17374653458418,
    "test_msle": 1.260379380962126,
    "test_r2": 0.15020928226276253,
    "test_kappa": 0.4338160366596745
}