{
    "train_mad": 1.7163389338542723,
    "train_mse": 24.07768325741806,
    "train_mape": 47.667758830710945,
    "train_msle": 0.4276479770085226,
    "train_r2": 0.3432703786298955,
    "train_kappa": 0.7320362152852569,
    "val_mad": 1.510671134136259,
    "val_mse": 42.96995411597071,
    "val_mape": 39.41928645401248,
    "val_msle": 0.30978986646965934,
    "val_r2": 0.30332074409405774,
    "val_kappa": 0.7748163886149249
}