{
    "test_acc": 0.9139963984489441,
    "test_prec0": 0.9371655583381653,
    "test_prec1": 0.6871257424354553,
    "test_rec0": 0.9670295119285583,
    "test_rec1": 0.5275862216949463,
    "test_auroc": 0.8979927215757952,
    "test_auprc": 0.6796885264491782,
    "test_f1macro": 0.7743712088781916
}