{
    "test_mad": 2.632103334941345,
    "test_mse": 30.842290338766254,
    "test_mape": 129.08615323018847,
    "test_msle": 1.4555811176135856,
    "test_r2": 0.12120704877765232,
    "test_kappa": 0.335723080733239
}