{
    "test_mad": 3.730077692314799,
    "test_mse": 68.47936713451769,
    "test_mape": 119.41431677940206,
    "test_msle": 1.261692507568537,
    "test_r2": 0.11916114510874598,
    "test_kappa": 0.4045608604611267
}