{
    "test_mad": 1.6374224496368783,
    "test_mse": 19.681219015287308,
    "test_mape": 51.5193839263016,
    "test_msle": 0.5163193621414017,
    "test_r2": 0.43922464706278797,
    "test_kappa": 0.7227963797662098
}