{
    "train_mad": 1.7635430408513073,
    "train_mse": 25.383376719482012,
    "train_mape": 48.86662055100065,
    "train_msle": 0.4444862106726008,
    "train_r2": 0.30765700321502876,
    "train_kappa": 0.7285936739653516,
    "train_acc": 0.9165807366371155,
    "train_prec0": 0.9221379160881042,
    "train_prec1": 0.7529572248458862,
    "train_rec0": 0.9909831881523132,
    "train_rec1": 0.24723632633686066,
    "train_auroc": 0.8892410762673986,
    "train_auprc": 0.5525740269533177,
    "train_f1macro": 0.6637832769912175,
    "val_mad": 1.535819223281078,
    "val_mse": 44.31541942492144,
    "val_mape": 35.86885648600112,
    "val_msle": 0.32699578733508416,
    "val_r2": 0.28150648365158126,
    "val_kappa": 0.7562263981376204,
    "val_acc": 0.9156593084335327,
    "val_prec0": 0.917536735534668,
    "val_prec1": 0.8017241358757019,
    "val_rec0": 0.996451735496521,
    "val_rec1": 0.13808463513851166,
    "val_auroc": 0.8625389606120725,
    "val_auprc": 0.4878142857203483,
    "val_f1macro": 0.5954797624040544
}