{
    "train_mad": 3.848616000329769,
    "train_mse": 94.6125879295126,
    "train_mape": 121.0298773803338,
    "train_msle": 1.2802915613619992,
    "train_r2": 0.10108912934558467,
    "train_kappa": 0.40423321132919343,
    "val_mad": 3.450050068596882,
    "val_mse": 43.79199372471226,
    "val_mape": 120.24640455340672,
    "val_msle": 1.3290766378456773,
    "val_r2": 0.13382225513236756,
    "val_kappa": 0.37412353259128883
}