{
    "test_acc": 0.9114474058151245,
    "test_prec0": 0.9202147126197815,
    "test_prec1": 0.663244366645813,
    "test_rec0": 0.987238347530365,
    "test_rec1": 0.22698524594306946,
    "test_auroc": 0.8520446768308785,
    "test_auprc": 0.46610471545261706,
    "test_f1macro": 0.6453844427261924
}