{
    "test_mad": 3.63237835926862,
    "test_mse": 63.93239175314486,
    "test_mape": 115.92241188426506,
    "test_msle": 1.2059563413766432,
    "test_r2": 0.17764814280952235,
    "test_kappa": 0.4447165378406147
}