{
    "test_mad": 2.5767988856479014,
    "test_mse": 30.20818051211628,
    "test_mape": 121.89175648808134,
    "test_msle": 1.411065248870337,
    "test_r2": 0.13928079987754127,
    "test_kappa": 0.344789846562943
}