{
    "train_mad": 2.5776096281786454,
    "train_mse": 31.35141241156899,
    "train_mape": 122.94692328385682,
    "train_msle": 1.4037285073625132,
    "train_r2": 0.1448761501535103,
    "train_kappa": 0.36735093210540903,
    "val_mad": 2.5725707133989797,
    "val_mse": 55.31711346933229,
    "val_mape": 125.30921977738272,
    "val_msle": 1.3644808661095738,
    "val_r2": 0.10313412607635508,
    "val_kappa": 0.3846126455996043
}