{
    "test_mad": 2.0451220903303424,
    "test_mse": 19.34301088328698,
    "test_mape": 119.28236997956819,
    "test_msle": 1.6834672961376038,
    "test_r2": 0.4488611835212971,
    "test_kappa": 0.6237653347877361
}