{
    "test_mad": 2.6353820874260023,
    "test_mse": 30.773678882427483,
    "test_mape": 126.63908002049196,
    "test_msle": 1.4594206977024056,
    "test_r2": 0.12316200295068358,
    "test_kappa": 0.3285864967415365
}