{
    "test_mad": 2.2413267830782875,
    "test_mse": 44.21106980279326,
    "test_mape": 32.219066773193504,
    "test_msle": 0.1929016891560239,
    "test_r2": 0.43132026874442,
    "test_kappa": 0.853808667845283,
    "test_acc": 0.9212095737457275,
    "test_prec0": 0.9444016814231873,
    "test_prec1": 0.7108938694000244,
    "test_rec0": 0.9673449993133545,
    "test_rec1": 0.5850574970245361,
    "test_auroc": 0.9184781130494857,
    "test_auprc": 0.7261523381845413,
    "test_f1macro": 0.7988009956194004
}