{
    "test_mad": 2.846027073172884,
    "test_mse": 54.60872656097619,
    "test_mape": 58.79096403344278,
    "test_msle": 0.5625226490048177,
    "test_r2": 0.29757691719680257,
    "test_kappa": 0.6710218473213825,
    "test_acc": 0.91496741771698,
    "test_prec0": 0.9271858930587769,
    "test_prec1": 0.7534517049789429,
    "test_rec0": 0.9802808165550232,
    "test_rec1": 0.43908044695854187,
    "test_auroc": 0.9048531894330482,
    "test_auprc": 0.6682099507629237,
    "test_f1macro": 0.7539118707064145
}